{"cameraMode":{"drawMode":0,"name":"Shaded","section":"Shading Mode"},"sceneLighting":true,"audioPlay":false,"sceneViewState":{"showFog":true,"showMaterialUpdate":true,"showSkybox":false,"showFlares":true,"showImageEffects":true,"showParticleSystems":true},"in2DMode":false,"pivot":{"x":154.89306640625,"y":-209.4739227294922,"z":-6.5392279624938969},"rotation":{"x":0.3063972294330597,"y":0.6451342105865479,"z":-0.3166957199573517,"w":0.6242517828941345},"size":178.66526794433595,"orthographic":false}