{"cameraMode":{"drawMode":0,"name":"Shaded","section":"Shading Mode"},"sceneLighting":true,"audioPlay":false,"sceneViewState":{"showFog":true,"showMaterialUpdate":true,"showSkybox":false,"showFlares":true,"showImageEffects":true,"showParticleSystems":true},"in2DMode":false,"pivot":{"x":37.40190887451172,"y":18.637619018554689,"z":42.807498931884769},"rotation":{"x":0.14388076961040498,"y":0.6461204886436462,"z":-0.12581005692481996,"w":0.7389230132102966},"size":6.2446208000183109,"orthographic":false}